term,period,meetingno,temp_meeting_no,billn,billcontent,billresult,url,date
5,5,1,1,1,主席：報告表決結果：在場委員人數六十一人，贊成依照朝野黨團協商結論通過者五十六人，反對者一人，棄權者四人。,Passed,/mnt/e/Software/scripts/R/vote_record/2004_meeting/original/立法院第5屆第5會期第1次臨時會第1次會議紀錄.html,093/08/21
5,5,1,1,2,主席：報告表決結果：在場委員人數五十六人，贊成依照朝野黨團協商結論通過者五十五人，反對者零人，棄權者一人。本案不足法定表決人數，所以表決不成。,Passed,/mnt/e/Software/scripts/R/vote_record/2004_meeting/original/立法院第5屆第5會期第1次臨時會第1次會議紀錄.html,093/08/21
5,5,1,1,3,主席：報告表決結果：在場委員八十五人，贊成者八十四人，反對者零人，棄權者一人，多數，通過。,Passed,/mnt/e/Software/scripts/R/vote_record/2004_meeting/original/立法院第5屆第5會期第1次臨時會第1次會議紀錄.html,093/08/21
5,5,3,1,1,主席：報告表決結果：在場委員二百人，贊成者二百人，反對者零人，多數，通過。,Passed,/mnt/e/Software/scripts/R/vote_record/2004_meeting/original/立法院第5屆第5會期第1次臨時會第3次會議紀錄.html,093/08/23
5,5,3,1,2,主席：報告表決結果：在場委員二百零一人，贊成者二百零一人，反對者零人，多數，通過。,Passed,/mnt/e/Software/scripts/R/vote_record/2004_meeting/original/立法院第5屆第5會期第1次臨時會第3次會議紀錄.html,093/08/23
5,5,3,1,3,主席：報告表決結果：在場委員二百零一人，贊成者二百人，反對者一人。多數，通過。,Passed,/mnt/e/Software/scripts/R/vote_record/2004_meeting/original/立法院第5屆第5會期第1次臨時會第3次會議紀錄.html,093/08/23
5,5,3,1,4,主席：報告表決結果：在場委員二百零一人，贊成者二百人，反對者零人，棄權者一人，多數，通過。,Passed,/mnt/e/Software/scripts/R/vote_record/2004_meeting/original/立法院第5屆第5會期第1次臨時會第3次會議紀錄.html,093/08/23
5,5,3,1,5,主席：報告表決結果：出席委員二百零一人，贊成者一百九十八人，反對者二人，棄權者一人，多數，通過。,Passed,/mnt/e/Software/scripts/R/vote_record/2004_meeting/original/立法院第5屆第5會期第1次臨時會第3次會議紀錄.html,093/08/23
5,5,3,1,6,主席：報告表決結果：出席委員人數二百人，贊成者九十二人，反對者一百零六人，棄權者二人，因贊成者不足出席委員四分之三人數，所以，本案不予通過。,NotPassed,/mnt/e/Software/scripts/R/vote_record/2004_meeting/original/立法院第5屆第5會期第1次臨時會第3次會議紀錄.html,093/08/23
5,5,3,1,7,主席：報告表決結果：出席委員人數一百九十七人，贊成者九十人，反對者一百零四人，棄權者三人，贊成台聯黨團所提修正動議仍屬少數，所以，本案不通過。,NotPassed,/mnt/e/Software/scripts/R/vote_record/2004_meeting/original/立法院第5屆第5會期第1次臨時會第3次會議紀錄.html,093/08/23
5,5,3,1,8,主席：報告表決結果：出席委員一百九十八人，贊成者一百八十六人，反對者一人，棄權者十一人，本案四分之三的人數是一四九人，所以，本案已超過法定通過人數。,Passed,/mnt/e/Software/scripts/R/vote_record/2004_meeting/original/立法院第5屆第5會期第1次臨時會第3次會議紀錄.html,093/08/23
5,5,3,1,9,主席：報告表決結果：在場委員一百九十八人，贊成者一百九十八人，反對者零人，多數，全案依照經過二讀條文通過。,Passed,/mnt/e/Software/scripts/R/vote_record/2004_meeting/original/立法院第5屆第5會期第1次臨時會第3次會議紀錄.html,093/08/23
5,5,4,1,1,主席：報告表決結果：在場委員一百九十八人，贊成者一百零七人，反對者九十人，棄權者一人，多數，通過。,Passed,/mnt/e/Software/scripts/R/vote_record/2004_meeting/original/立法院第5屆第5會期第1次臨時會第4次會議紀錄.html,093/08/24
5,5,4,1,2,主席：報告表決結果：在場委員一百九十八人，贊成者九十一人，反對者一百零五人，棄權者二人，少數，不通過。,NotPassed,/mnt/e/Software/scripts/R/vote_record/2004_meeting/original/立法院第5屆第5會期第1次臨時會第4次會議紀錄.html,093/08/24
5,5,4,1,3,主席：報告表決結果：在場委員人數一百九十六人，贊成者一百零七人，反對者八十九人，多數，通過。名稱依照國民黨黨團、親民黨黨團所提修正動議名稱通過。,Passed,/mnt/e/Software/scripts/R/vote_record/2004_meeting/original/立法院第5屆第5會期第1次臨時會第4次會議紀錄.html,093/08/24
5,5,4,1,4,主席：報告表決結果：在場委員一百九十五人，贊成者八十九人，反對者一百零五人，棄權者一人，少數，不通過。,NotPassed,/mnt/e/Software/scripts/R/vote_record/2004_meeting/original/立法院第5屆第5會期第1次臨時會第4次會議紀錄.html,093/08/24
5,5,4,1,5,主席：報告表決結果：在場委員一百九十六人，贊成者九十人，反對者一百零六人，少數，不通過。,NotPassed,/mnt/e/Software/scripts/R/vote_record/2004_meeting/original/立法院第5屆第5會期第1次臨時會第4次會議紀錄.html,093/08/24
5,5,4,1,6,主席：報告表決結果：在場委員一百九十七人，贊成者一百零七人，反對者九十人，多數，通過。第一條照國民黨黨團、親民黨黨團所提修正條文通過。,Passed,/mnt/e/Software/scripts/R/vote_record/2004_meeting/original/立法院第5屆第5會期第1次臨時會第4次會議紀錄.html,093/08/24
5,5,4,1,7,主席：報告表決結果：在場委員一百九十一人，贊成者九十人，反對者一百零一人，少數，不通過。,NotPassed,/mnt/e/Software/scripts/R/vote_record/2004_meeting/original/立法院第5屆第5會期第1次臨時會第4次會議紀錄.html,093/08/24
5,5,4,1,8,主席：報告表決結果：在場委員一百九十六人，贊成者九十一人，反對者一百零五人，少數，不通過。,NotPassed,/mnt/e/Software/scripts/R/vote_record/2004_meeting/original/立法院第5屆第5會期第1次臨時會第4次會議紀錄.html,093/08/24
5,5,4,1,9,主席：報告表決結果：在場委員一百九十七人，贊成者八十七人，反對者一百一十人，少數，不通過。,NotPassed,/mnt/e/Software/scripts/R/vote_record/2004_meeting/original/立法院第5屆第5會期第1次臨時會第4次會議紀錄.html,093/08/24
5,5,4,1,10,主席：報告表決結果：在場委員一百九十三人，贊成者八十七人，反對者一百零六人，少數，不通過。,NotPassed,/mnt/e/Software/scripts/R/vote_record/2004_meeting/original/立法院第5屆第5會期第1次臨時會第4次會議紀錄.html,093/08/24
5,5,4,1,11,主席：報告表決結果：在場委員一百九十三人，贊成者一百零六人，反對者八十七人，多數，通過。,Passed,/mnt/e/Software/scripts/R/vote_record/2004_meeting/original/立法院第5屆第5會期第1次臨時會第4次會議紀錄.html,093/08/24
5,5,4,1,12,主席：報告表決結果：在場委員一百九十二人，贊成者一百零六人，反對者八十六人，多數，通過。本條依照國民黨黨團所提再修正動議第三條通過。,Passed,/mnt/e/Software/scripts/R/vote_record/2004_meeting/original/立法院第5屆第5會期第1次臨時會第4次會議紀錄.html,093/08/24
5,5,4,1,13,主席：報告表決結果：在場委員一百九十二人，贊成者八十七人，反對者一百零五人，少數，不通過。,NotPassed,/mnt/e/Software/scripts/R/vote_record/2004_meeting/original/立法院第5屆第5會期第1次臨時會第4次會議紀錄.html,093/08/24
5,5,4,1,14,主席：報告表決結果：在場委員一百九十二人，贊成者八十七人，反對者一百零五人，少數，不通過。,NotPassed,/mnt/e/Software/scripts/R/vote_record/2004_meeting/original/立法院第5屆第5會期第1次臨時會第4次會議紀錄.html,093/08/24
5,5,4,1,15,主席：報告表決結果：在場委員一百九十二人，贊成者八十七人，反對者一百零五人，少數，不通過。,NotPassed,/mnt/e/Software/scripts/R/vote_record/2004_meeting/original/立法院第5屆第5會期第1次臨時會第4次會議紀錄.html,093/08/24
5,5,4,1,16,主席：報告表決結果：在場委員一百九十三人，贊成者一百零六人，反對者八十七人，多數，通過。本條照國民黨黨團、親民黨黨團所提修正條文通過。,Passed,/mnt/e/Software/scripts/R/vote_record/2004_meeting/original/立法院第5屆第5會期第1次臨時會第4次會議紀錄.html,093/08/24
5,5,4,1,17,主席：報告表決結果：在場委員一百九十一人，贊成者八十七人，反對者一百零四人，少數，不通過。,NotPassed,/mnt/e/Software/scripts/R/vote_record/2004_meeting/original/立法院第5屆第5會期第1次臨時會第4次會議紀錄.html,093/08/24
5,5,4,1,18,主席：報告表決結果：在場委員一百九十三人，贊成者一百零六人，反對者八十七人，多數，通過，本條照國民黨黨團、親民黨黨團所提修正條文通過。,Passed,/mnt/e/Software/scripts/R/vote_record/2004_meeting/original/立法院第5屆第5會期第1次臨時會第4次會議紀錄.html,093/08/24
5,5,4,1,19,主席：報告表決結果：在場委員一百九十二人，贊成者八十五人，反對者一百零七人，少數，不通過。,NotPassed,/mnt/e/Software/scripts/R/vote_record/2004_meeting/original/立法院第5屆第5會期第1次臨時會第4次會議紀錄.html,093/08/24
5,5,4,1,20,主席：報告表決結果：在場委員一百八十九人，贊成者一百零三人，反對者八十六人，多數，通過。本條照國民黨黨團、親民黨黨團所提修正條文通過。,Passed,/mnt/e/Software/scripts/R/vote_record/2004_meeting/original/立法院第5屆第5會期第1次臨時會第4次會議紀錄.html,093/08/24
5,5,4,1,21,主席：報告表決結果：在場委員一百九十一人，贊成者一百零五人，反對者八十六人，多數，通過。本條照國民黨黨團、親民黨黨團修正條文通過。,Passed,/mnt/e/Software/scripts/R/vote_record/2004_meeting/original/立法院第5屆第5會期第1次臨時會第4次會議紀錄.html,093/08/24
5,5,4,1,22,主席：報告表決結果：在場委員一百八十七人，贊成者八十三人，反對者一百零四人，少數，不通過。,NotPassed,/mnt/e/Software/scripts/R/vote_record/2004_meeting/original/立法院第5屆第5會期第1次臨時會第4次會議紀錄.html,093/08/24
5,5,4,1,23,主席：報告表決結果：在場委員一百八十四人，贊成者一百零七人，反對者七十七人，多數，通過。第八條照國民黨黨團所提再修正條文通過。,Passed,/mnt/e/Software/scripts/R/vote_record/2004_meeting/original/立法院第5屆第5會期第1次臨時會第4次會議紀錄.html,093/08/24
5,5,4,1,24,主席：報告表決結果：在場委員一百八十一人，贊成者七十九人，反對者一百零二人，少數，不通過。,NotPassed,/mnt/e/Software/scripts/R/vote_record/2004_meeting/original/立法院第5屆第5會期第1次臨時會第4次會議紀錄.html,093/08/24
5,5,4,1,25,主席：報告表決結果：在場委員一百八十一人，贊成者一百零五人，反對者七十六人。多數，通過。,Passed,/mnt/e/Software/scripts/R/vote_record/2004_meeting/original/立法院第5屆第5會期第1次臨時會第4次會議紀錄.html,093/08/24
5,5,4,1,26,主席：報告表決結果：在場委員一百八十三人，贊成者七十八人，反對者一百零五人，少數，不通過。,NotPassed,/mnt/e/Software/scripts/R/vote_record/2004_meeting/original/立法院第5屆第5會期第1次臨時會第4次會議紀錄.html,093/08/24
5,5,4,1,27,主席：報告表決結果：在場委員一百八十一人，贊成者一百八十一人，反對者零人，多數，通過。本條照國民黨黨團、親民黨黨團所提修正條文通過。,Passed,/mnt/e/Software/scripts/R/vote_record/2004_meeting/original/立法院第5屆第5會期第1次臨時會第4次會議紀錄.html,093/08/24
5,5,4,1,28,主席：報告表決結果：在場委員一百七十八人，贊成者七十五人，反對者一百零三人，少數，不通過。,NotPassed,/mnt/e/Software/scripts/R/vote_record/2004_meeting/original/立法院第5屆第5會期第1次臨時會第4次會議紀錄.html,093/08/24
5,5,4,1,29,主席：報告表決結果：在場委員一百八十一人，贊成者一百零四人，反對者七十七人，多數，通過，本條照國民黨黨團、親民黨黨團所提修正條文通過。,Passed,/mnt/e/Software/scripts/R/vote_record/2004_meeting/original/立法院第5屆第5會期第1次臨時會第4次會議紀錄.html,093/08/24
5,5,4,1,30,主席：報告表決結果：在場委員一百八十一人，贊成者七十六人，反對者一百零四人，棄權者一人，少數，不通過。,NotPassed,/mnt/e/Software/scripts/R/vote_record/2004_meeting/original/立法院第5屆第5會期第1次臨時會第4次會議紀錄.html,093/08/24
5,5,4,1,31,主席：報告表決結果：在場委員一百七十一人，贊成者九十五人，反對者七十六人，多數，通過。本條照國民黨黨團、親民黨黨團所提修正條文通過。,Passed,/mnt/e/Software/scripts/R/vote_record/2004_meeting/original/立法院第5屆第5會期第1次臨時會第4次會議紀錄.html,093/08/24
5,5,4,1,32,主席：報告表決結果：在場委員一百八十一人，贊成者一百零四人，反對者七十七人，多數，通過。本條照國民黨黨團所提再修正條文通過，以下條次依序調整。,Passed,/mnt/e/Software/scripts/R/vote_record/2004_meeting/original/立法院第5屆第5會期第1次臨時會第4次會議紀錄.html,093/08/24
5,5,4,1,33,主席：報告表決結果：在場委員一百七十八人，贊成者一百七十八人，反對者零人，多數，通過。本案照國民黨黨團、親民黨黨團所提修正動議第十三條通過。,Passed,/mnt/e/Software/scripts/R/vote_record/2004_meeting/original/立法院第5屆第5會期第1次臨時會第4次會議紀錄.html,093/08/24
5,5,4,1,34,主席：報告表決結果：在場委員一百七十七人，贊成者一百零二人，反對者七十五人，多數，通過。本條照國民黨黨團、親民黨黨團所提修正動議第十四條通過。,Passed,/mnt/e/Software/scripts/R/vote_record/2004_meeting/original/立法院第5屆第5會期第1次臨時會第4次會議紀錄.html,093/08/24
5,5,4,1,35,主席：報告表決結果：在場委員一百八十二人，贊成者一百零五人，反對者七十七人，多數，通過。本條照國民黨黨團所提再修正條文通過。,Passed,/mnt/e/Software/scripts/R/vote_record/2004_meeting/original/立法院第5屆第5會期第1次臨時會第4次會議紀錄.html,093/08/24
5,5,4,1,36,主席：報告表決結果：在場委員一百八十人，贊成者七十七人，反對者一百零三人，少數，不通過。,NotPassed,/mnt/e/Software/scripts/R/vote_record/2004_meeting/original/立法院第5屆第5會期第1次臨時會第4次會議紀錄.html,093/08/24
5,5,4,1,37,主席：報告表決結果：在場委員一百八十二人，贊成者一百零五人，反對者七十七人，多數，通過。本條照國民黨黨團、親民黨黨團所提修正動議第十六條通過。,Passed,/mnt/e/Software/scripts/R/vote_record/2004_meeting/original/立法院第5屆第5會期第1次臨時會第4次會議紀錄.html,093/08/24
5,5,4,1,38,主席：報告表決結果：在場委員一百八十二人，贊成者七十八人，反對者一百零四人，少數，不通過。,NotPassed,/mnt/e/Software/scripts/R/vote_record/2004_meeting/original/立法院第5屆第5會期第1次臨時會第4次會議紀錄.html,093/08/24
5,5,4,1,39,主席：報告表決結果：在場委員一百七十九人，贊成者一百七十九人，反對者零人，多數，通過。本條照原草案第十條通過。,Passed,/mnt/e/Software/scripts/R/vote_record/2004_meeting/original/立法院第5屆第5會期第1次臨時會第4次會議紀錄.html,093/08/24
5,5,4,1,40,主席：報告表決結果：在場委員一百八十人，贊成者一百八十人，多數通過。本條照國民黨黨團、親民黨黨團所提修正條文通過。,Passed,/mnt/e/Software/scripts/R/vote_record/2004_meeting/original/立法院第5屆第5會期第1次臨時會第4次會議紀錄.html,093/08/24
5,5,4,1,41,主席：報告表決結果：在場委員人數一百八十人，贊成全案通過者一百零二人，反對者七十八人，多數，通過。,Passed,/mnt/e/Software/scripts/R/vote_record/2004_meeting/original/立法院第5屆第5會期第1次臨時會第4次會議紀錄.html,093/08/24
5,5,4,1,42,主席：報告表決結果：在場委員一百八十三人，贊成者一百十六人，反對者五十八人，棄權者九人，多數，通過，歲入部分照列。,Passed,/mnt/e/Software/scripts/R/vote_record/2004_meeting/original/立法院第5屆第5會期第1次臨時會第4次會議紀錄.html,093/08/24
5,5,4,1,43,主席：報告表決結果：在場委員一百八十一人，贊成者一百二十一人，反對者四十五人，棄權者十五人，多數，通過；歲出部分照列。,Passed,/mnt/e/Software/scripts/R/vote_record/2004_meeting/original/立法院第5屆第5會期第1次臨時會第4次會議紀錄.html,093/08/24
5,6,16,0,1,主席：報告表決結果：在場委員一百七十人，贊成者七十五人，反對者九十四人，棄權者一人。本案作以下決定：「三一九槍擊事件調查報告准予備查。」,NotPassed,/mnt/e/Software/scripts/R/vote_record/2004_meeting/original/立法院第5屆第6會期第16次會議紀錄.html,"094/01/20,094/01/21"
5,6,16,0,2,主席：報告表決結果：在場委員人數一百九十一人，贊成者九十一人，反對者一百人，少數，不通過。,NotPassed,/mnt/e/Software/scripts/R/vote_record/2004_meeting/original/立法院第5屆第6會期第16次會議紀錄.html,"094/01/20,094/01/21"
5,6,16,0,3,主席：報告表決結果：在場委員人數一百九十三人，贊成者十一人，反對者一百八十一人，棄權者一人，少數，不通過。,NotPassed,/mnt/e/Software/scripts/R/vote_record/2004_meeting/original/立法院第5屆第6會期第16次會議紀錄.html,"094/01/20,094/01/21"
5,6,16,0,4,主席：報告表決結果：在場委員人數一百九十三人，贊成者一百零二人，反對者九十一人，多數，通過。,Passed,/mnt/e/Software/scripts/R/vote_record/2004_meeting/original/立法院第5屆第6會期第16次會議紀錄.html,"094/01/20,094/01/21"
5,6,16,0,5,主席：報告表決結果：在場委員人數一百九十四人，贊成者一百八十三人，反對者十一人，多數，通過。,Passed,/mnt/e/Software/scripts/R/vote_record/2004_meeting/original/立法院第5屆第6會期第16次會議紀錄.html,"094/01/20,094/01/21"
5,6,16,0,6,主席：報告表決結果：在場委員人數一百九十八人，贊成者一百零六人，反對者九十一人，棄權者一人，多數，通過。,Passed,/mnt/e/Software/scripts/R/vote_record/2004_meeting/original/立法院第5屆第6會期第16次會議紀錄.html,"094/01/20,094/01/21"
5,6,16,0,7,主席：報告表決結果：在場委員人數一百九十四人，贊成者一百八十三人，反對者十人，棄權者一人，多數，通過。,Passed,/mnt/e/Software/scripts/R/vote_record/2004_meeting/original/立法院第5屆第6會期第16次會議紀錄.html,"094/01/20,094/01/21"
5,6,16,0,8,主席：報告表決結果：在場委員人數一百九十五人，贊成者一百零五人，反對者九十人，多數，通過。,Passed,/mnt/e/Software/scripts/R/vote_record/2004_meeting/original/立法院第5屆第6會期第16次會議紀錄.html,"094/01/20,094/01/21"
5,6,16,0,9,主席：報告表決結果：在場委員人數一百九十九人，贊成者一百九十一人，反對者七人，棄權者一人，多數，通過。,Passed,/mnt/e/Software/scripts/R/vote_record/2004_meeting/original/立法院第5屆第6會期第16次會議紀錄.html,"094/01/20,094/01/21"
5,6,16,0,10,主席：報告表決結果：在場委員人數一百九十六人，贊成者一百零三人，反對者九十二人，棄權者一人，多數，通過。,Passed,/mnt/e/Software/scripts/R/vote_record/2004_meeting/original/立法院第5屆第6會期第16次會議紀錄.html,"094/01/20,094/01/21"
5,6,16,0,11,主席：報告表決結果：在場委員人數一百九十四人，贊成者一百八十二人，反對者十一人，棄權者一人，多數，通過。,Passed,/mnt/e/Software/scripts/R/vote_record/2004_meeting/original/立法院第5屆第6會期第16次會議紀錄.html,"094/01/20,094/01/21"
5,6,16,0,12,主席：報告表決結果：在場委員人數一百九十七人，贊成者一百零五人，反對者九十二人，多數，通過。,Passed,/mnt/e/Software/scripts/R/vote_record/2004_meeting/original/立法院第5屆第6會期第16次會議紀錄.html,"094/01/20,094/01/21"
5,6,16,0,13,主席：報告表決結果：在場委員人數一百九十五人，贊成者一百八十三人，反對者十一人，棄權者一人，多數，通過。,Passed,/mnt/e/Software/scripts/R/vote_record/2004_meeting/original/立法院第5屆第6會期第16次會議紀錄.html,"094/01/20,094/01/21"
5,6,16,0,14,主席：報告表決結果：在場委員人數一百九十五人，贊成者一百人，反對者九十三人，棄權者二人，多數，通過。,Passed,/mnt/e/Software/scripts/R/vote_record/2004_meeting/original/立法院第5屆第6會期第16次會議紀錄.html,"094/01/20,094/01/21"
5,6,16,0,15,主席：報告表決結果：在場委員人數一百九十七人，贊成者一百八十五人，反對者十一人，棄權者一人，多數，通過。,Passed,/mnt/e/Software/scripts/R/vote_record/2004_meeting/original/立法院第5屆第6會期第16次會議紀錄.html,"094/01/20,094/01/21"
5,6,16,0,16,主席：報告表決結果：在場委員人數一百八十一人，贊成者五人，反對者一百五十六人，棄權者二十人，少數，不通過。,NotPassed,/mnt/e/Software/scripts/R/vote_record/2004_meeting/original/立法院第5屆第6會期第16次會議紀錄.html,"094/01/20,094/01/21"
5,6,16,0,17,主席：報告表決結果：在場委員人數一百九十八人，贊成者一百零八人，反對者九十人，多數，通過。,Passed,/mnt/e/Software/scripts/R/vote_record/2004_meeting/original/立法院第5屆第6會期第16次會議紀錄.html,"094/01/20,094/01/21"
5,6,16,0,18,主席：報告表決結果：在場委員人數一百九十七人，贊成者一百八十六人，反對者十一人，多數，通過。,Passed,/mnt/e/Software/scripts/R/vote_record/2004_meeting/original/立法院第5屆第6會期第16次會議紀錄.html,"094/01/20,094/01/21"
5,6,16,0,19,主席：報告表決結果：在場委員人數一百九十七人，贊成者一百零五人，反對者九十二人，多數，通過。,Passed,/mnt/e/Software/scripts/R/vote_record/2004_meeting/original/立法院第5屆第6會期第16次會議紀錄.html,"094/01/20,094/01/21"
5,6,16,0,20,主席：報告表決結果：在場委員人數一百九十七人，贊成者一百八十五人，反對者十一人，棄權者一人，多數，通過。,Passed,/mnt/e/Software/scripts/R/vote_record/2004_meeting/original/立法院第5屆第6會期第16次會議紀錄.html,"094/01/20,094/01/21"
5,6,16,0,21,主席：報告表決結果：在場委員人數一百八十六人，贊成者八十七人，反對者九十五人，棄權者四人，少數，不通過。,NotPassed,/mnt/e/Software/scripts/R/vote_record/2004_meeting/original/立法院第5屆第6會期第16次會議紀錄.html,"094/01/20,094/01/21"
5,6,16,0,22,主席：報告表決結果：在場委員人數一百九十三人，贊成者九十一人，反對者九十五人，棄權者七人，贊成與反對者均未過半數，因此本案須重新表決。,NotPassed,/mnt/e/Software/scripts/R/vote_record/2004_meeting/original/立法院第5屆第6會期第16次會議紀錄.html,"094/01/20,094/01/21"
5,6,16,0,23,主席：報告表決結果：在場委員一百九十八人，贊成者一百人，反對者九十人，棄權者八人，多數，通過。,Passed,/mnt/e/Software/scripts/R/vote_record/2004_meeting/original/立法院第5屆第6會期第16次會議紀錄.html,"094/01/20,094/01/21"
5,6,16,0,24,主席：報告表決結果：在場委員人數一百九十四人，贊成者一百九十三人，反對者一人，多數，通過。,Passed,/mnt/e/Software/scripts/R/vote_record/2004_meeting/original/立法院第5屆第6會期第16次會議紀錄.html,"094/01/20,094/01/21"
5,6,16,0,25,主席：報告表決結果：在場委員人數一百九十四人，贊成者四十人，反對者一百四十七人，棄權者七人，少數，不通過。,NotPassed,/mnt/e/Software/scripts/R/vote_record/2004_meeting/original/立法院第5屆第6會期第16次會議紀錄.html,"094/01/20,094/01/21"
5,6,16,0,26,主席：報告表決結果，在場委員人數一百九十六人，贊成者六十八人，反對者一百二十六人，棄權者二人，少數，不通過。,NotPassed,/mnt/e/Software/scripts/R/vote_record/2004_meeting/original/立法院第5屆第6會期第16次會議紀錄.html,"094/01/20,094/01/21"
5,6,16,0,27,主席：報告表決結果：在場委員人數一百九十四人，贊成者一百一十五人，反對者七十九人，多數，通過。,Passed,/mnt/e/Software/scripts/R/vote_record/2004_meeting/original/立法院第5屆第6會期第16次會議紀錄.html,"094/01/20,094/01/21"
5,6,16,0,28,主席：報告表決結果：在場委員人數一百九十六人，贊成者一百九十六人，反對者零人，多數，通過。,Passed,/mnt/e/Software/scripts/R/vote_record/2004_meeting/original/立法院第5屆第6會期第16次會議紀錄.html,"094/01/20,094/01/21"
5,6,16,0,29,主席：報告表決結果：在場委員人數一百九十四人，贊成者九十一人，反對者一百零三人，少數，不通過。,NotPassed,/mnt/e/Software/scripts/R/vote_record/2004_meeting/original/立法院第5屆第6會期第16次會議紀錄.html,"094/01/20,094/01/21"
5,6,16,0,30,主席：報告表決結果：在場委員人數一百九十四人，贊成者十一人，反對者一百八十三人，少數，不通過。,NotPassed,/mnt/e/Software/scripts/R/vote_record/2004_meeting/original/立法院第5屆第6會期第16次會議紀錄.html,"094/01/20,094/01/21"
5,6,16,0,31,主席：報告表決結果：在場委員人數一百六十二人，贊成者十人，反對者一百四十二人，棄權者十人，少數，不通過。,NotPassed,/mnt/e/Software/scripts/R/vote_record/2004_meeting/original/立法院第5屆第6會期第16次會議紀錄.html,"094/01/20,094/01/21"
5,6,16,0,32,主席：報告表決結果：在場委員人數一百九十二人，贊成者七十九人，反對者一百一十二人，棄權者一人，少數，不通過。,NotPassed,/mnt/e/Software/scripts/R/vote_record/2004_meeting/original/立法院第5屆第6會期第16次會議紀錄.html,"094/01/20,094/01/21"
5,6,16,0,33,主席：報告表決結果：在場委員人數一百八十六人，贊成者二人，反對者一百八十四人，少數，不通過。,NotPassed,/mnt/e/Software/scripts/R/vote_record/2004_meeting/original/立法院第5屆第6會期第16次會議紀錄.html,"094/01/20,094/01/21"
5,6,16,0,34,主席：報告表決結果，在場委員人數一百九十五人，贊成者一百零五人，反對者九十人，多數，通過。,Passed,/mnt/e/Software/scripts/R/vote_record/2004_meeting/original/立法院第5屆第6會期第16次會議紀錄.html,"094/01/20,094/01/21"
5,6,16,0,35,主席：報告表決結果：在場委員人數一百九十六人，贊成者一百八十五人，反對者十一人，多數，通過。,Passed,/mnt/e/Software/scripts/R/vote_record/2004_meeting/original/立法院第5屆第6會期第16次會議紀錄.html,"094/01/20,094/01/21"
5,6,16,0,36,主席：報告表決結果：在場委員人數一百九十一人，贊成者一百一十人，反者八十一人，多數，通過。,Passed,/mnt/e/Software/scripts/R/vote_record/2004_meeting/original/立法院第5屆第6會期第16次會議紀錄.html,"094/01/20,094/01/21"
5,6,16,0,37,主席：報告表決結果：在場委員人數一百九十三人，贊成者一百九十三人，反對者零人，多數，通過。,Passed,/mnt/e/Software/scripts/R/vote_record/2004_meeting/original/立法院第5屆第6會期第16次會議紀錄.html,"094/01/20,094/01/21"
5,6,16,0,38,主席：報告表決結果：在場委員人數一百九十六人，贊成者一百零四人，反對者九十二人，多數，通過。,Passed,/mnt/e/Software/scripts/R/vote_record/2004_meeting/original/立法院第5屆第6會期第16次會議紀錄.html,"094/01/20,094/01/21"
5,6,16,0,39,主席：報告表決結果：在場委員人數一百九十人，贊成者一百七十八人，反對者十一人，棄權者一人，多數，通過。,Passed,/mnt/e/Software/scripts/R/vote_record/2004_meeting/original/立法院第5屆第6會期第16次會議紀錄.html,"094/01/20,094/01/21"
5,6,16,0,40,主席：報告表決結果：在場委員人數一百九十四人，贊成者一百零三人，反對者九十一人，多數，通過。,Passed,/mnt/e/Software/scripts/R/vote_record/2004_meeting/original/立法院第5屆第6會期第16次會議紀錄.html,"094/01/20,094/01/21"
5,6,16,0,41,主席：報告表決結果：在場委員人數一百九十三人，贊成者一百八十人，反對者十二人，棄權者一人，多數，通過。,Passed,/mnt/e/Software/scripts/R/vote_record/2004_meeting/original/立法院第5屆第6會期第16次會議紀錄.html,"094/01/20,094/01/21"
5,6,16,0,42,主席：報告表決結果：在場委員人數一百九十五人，贊成者一百零五人，反對者九十人，多數，通過。,Passed,/mnt/e/Software/scripts/R/vote_record/2004_meeting/original/立法院第5屆第6會期第16次會議紀錄.html,"094/01/20,094/01/21"
5,6,16,0,43,主席：報告表決結果：在場委員人數一百九十五人，贊成者一百八十五人，反對者十人，多數，通過。,Passed,/mnt/e/Software/scripts/R/vote_record/2004_meeting/original/立法院第5屆第6會期第16次會議紀錄.html,"094/01/20,094/01/21"
5,6,16,0,44,主席：報告表決結果：在場委員人數一百九十七人，贊成者一百零七人，反對者九十人，多數，通過。,Passed,/mnt/e/Software/scripts/R/vote_record/2004_meeting/original/立法院第5屆第6會期第16次會議紀錄.html,"094/01/20,094/01/21"
5,6,16,0,45,主席：報告表決結果：在場委員人數一百九十五人，贊成者一百八十四人，反對者十一人，多數，通過。,Passed,/mnt/e/Software/scripts/R/vote_record/2004_meeting/original/立法院第5屆第6會期第16次會議紀錄.html,"094/01/20,094/01/21"
5,6,16,0,46,主席：報告表決結果：在場委員人數一百九十八人，贊成者一百零七人，反對者九十一人，多數，通過。,Passed,/mnt/e/Software/scripts/R/vote_record/2004_meeting/original/立法院第5屆第6會期第16次會議紀錄.html,"094/01/20,094/01/21"
5,6,16,0,47,主席：報告表決結果：在場委員人數一百八十九人，贊成者一百八十人，反對者九人，多數，通過。,Passed,/mnt/e/Software/scripts/R/vote_record/2004_meeting/original/立法院第5屆第6會期第16次會議紀錄.html,"094/01/20,094/01/21"
5,6,16,0,48,主席：報告表決結果：在場委員人數一百九十五人，贊成者九十三人，反對者一百零一人，棄權者一人，少數，不通過。,NotPassed,/mnt/e/Software/scripts/R/vote_record/2004_meeting/original/立法院第5屆第6會期第16次會議紀錄.html,"094/01/20,094/01/21"
5,6,16,0,49,主席：報告表決結果：在場委員人數一百九十七人，贊成者十三人，反對者一百八十三人，棄權者一人，少數，不通過。,NotPassed,/mnt/e/Software/scripts/R/vote_record/2004_meeting/original/立法院第5屆第6會期第16次會議紀錄.html,"094/01/20,094/01/21"
5,6,16,0,50,主席：報告表決結果：在場委員人數一百九十五人，贊成者一百零二人，反對者九十一人，棄權者二人，多數，通過。,Passed,/mnt/e/Software/scripts/R/vote_record/2004_meeting/original/立法院第5屆第6會期第16次會議紀錄.html,"094/01/20,094/01/21"
5,6,16,0,51,主席：報告表決結果：在場委員人數一百九十六人，贊成者一百八十三人，反對者十一人，棄權者二人，多數，通過。,Passed,/mnt/e/Software/scripts/R/vote_record/2004_meeting/original/立法院第5屆第6會期第16次會議紀錄.html,"094/01/20,094/01/21"
5,6,16,0,52,主席：報告表決結果：在場委員人數一百九十三人，贊成者二十八人，反對者一百六十四人，棄權者一人，少數，不通過。,NotPassed,/mnt/e/Software/scripts/R/vote_record/2004_meeting/original/立法院第5屆第6會期第16次會議紀錄.html,"094/01/20,094/01/21"
5,6,16,0,53,主席：報告表決結果：在場委員人數一百九十四人，贊成者四十三人，反對者一百四十九人，棄權者二人，少數，不通過。,NotPassed,/mnt/e/Software/scripts/R/vote_record/2004_meeting/original/立法院第5屆第6會期第16次會議紀錄.html,"094/01/20,094/01/21"
5,6,16,0,54,主席：報告表決結果：在場委員人數一百九十人，贊成者九十七人，反對者九十一人，棄權者二人，多數，通過。,Passed,/mnt/e/Software/scripts/R/vote_record/2004_meeting/original/立法院第5屆第6會期第16次會議紀錄.html,"094/01/20,094/01/21"
5,6,16,0,55,主席：報告表決結果：在場委員人數一百八十九人，贊成者一百七十七人，反對者十一人，棄權者一人，多數，通過。,Passed,/mnt/e/Software/scripts/R/vote_record/2004_meeting/original/立法院第5屆第6會期第16次會議紀錄.html,"094/01/20,094/01/21"
5,6,16,0,56,主席：報告表決結果：在場委員人數一百九十四人，贊成者一百零二人，反對者九十一人，棄權者一人，多數，通過。,Passed,/mnt/e/Software/scripts/R/vote_record/2004_meeting/original/立法院第5屆第6會期第16次會議紀錄.html,"094/01/20,094/01/21"
5,6,16,0,57,主席：報告表決結果：在場委員人數一百九十三人，贊成者一百八十四人，反對者九人，多數，通過。,Passed,/mnt/e/Software/scripts/R/vote_record/2004_meeting/original/立法院第5屆第6會期第16次會議紀錄.html,"094/01/20,094/01/21"
5,6,16,0,58,主席：報告表決結果：在場委員人數一百九十三人，贊成者一百零一人，反對者九十一人，棄權者一人，多數，通過。,Passed,/mnt/e/Software/scripts/R/vote_record/2004_meeting/original/立法院第5屆第6會期第16次會議紀錄.html,"094/01/20,094/01/21"
5,6,16,0,59,主席：報告表決結果：在場委員人數一百九十人，贊成者一百七十九人，反對者十一人，多數，通過。,Passed,/mnt/e/Software/scripts/R/vote_record/2004_meeting/original/立法院第5屆第6會期第16次會議紀錄.html,"094/01/20,094/01/21"
5,6,16,0,60,主席：報告表決結果：在場委員人數一百八十九人，贊成者九十九人，反對者九十人，多數，通過。,Passed,/mnt/e/Software/scripts/R/vote_record/2004_meeting/original/立法院第5屆第6會期第16次會議紀錄.html,"094/01/20,094/01/21"
5,6,16,0,61,主席：報告表決結果：在場委員人數一百九十二人，贊成者一百八十一人，反對者十一人，多數，通過。,Passed,/mnt/e/Software/scripts/R/vote_record/2004_meeting/original/立法院第5屆第6會期第16次會議紀錄.html,"094/01/20,094/01/21"
5,6,16,0,62,主席：報告表決結果：在場委員人數一百九十三人，贊成者一百零三人，反對者九十人，多數，通過。,Passed,/mnt/e/Software/scripts/R/vote_record/2004_meeting/original/立法院第5屆第6會期第16次會議紀錄.html,"094/01/20,094/01/21"
5,6,16,0,63,主席：報告表決結果：在場委員人數一百八十一人，贊成者一百七十二人，反對者八人，棄權者一人，多數，通過。,Passed,/mnt/e/Software/scripts/R/vote_record/2004_meeting/original/立法院第5屆第6會期第16次會議紀錄.html,"094/01/20,094/01/21"
5,6,16,0,64,主席：報告表決結果：在場委員人數一百八十一人，贊成者八十七人，反對者九十二人，棄權者二人，少數，不通過。,NotPassed,/mnt/e/Software/scripts/R/vote_record/2004_meeting/original/立法院第5屆第6會期第16次會議紀錄.html,"094/01/20,094/01/21"
5,6,16,0,65,主席：報告表決結果：在場委員一百八十八人，贊成者九十三人，反對者九十五人，少數，不通過。,NotPassed,/mnt/e/Software/scripts/R/vote_record/2004_meeting/original/立法院第5屆第6會期第16次會議紀錄.html,"094/01/20,094/01/21"
5,6,16,0,66,主席：報告表決結果：在場委員人數一百九十六人，贊成者八十七人，反對者一百零九人，少數，不通過。,NotPassed,/mnt/e/Software/scripts/R/vote_record/2004_meeting/original/立法院第5屆第6會期第16次會議紀錄.html,"094/01/20,094/01/21"
5,6,16,0,67,主席：報告表決結果：在場委員人數一百九十三人，贊成者十一人，反對者一百八十一人，棄權者一人，少數，不通過。,NotPassed,/mnt/e/Software/scripts/R/vote_record/2004_meeting/original/立法院第5屆第6會期第16次會議紀錄.html,"094/01/20,094/01/21"
5,6,16,0,68,主席：報告表決結果：在場委員人數一百九十八人，贊成者九十三人，反對者一百零五人，少數，不通過。,NotPassed,/mnt/e/Software/scripts/R/vote_record/2004_meeting/original/立法院第5屆第6會期第16次會議紀錄.html,"094/01/20,094/01/21"
5,6,16,0,69,主席：報告表決結果：在場委員人數一百九十四人，贊成者十五人，反對者一百七十九人，少數，不通過。,NotPassed,/mnt/e/Software/scripts/R/vote_record/2004_meeting/original/立法院第5屆第6會期第16次會議紀錄.html,"094/01/20,094/01/21"
5,6,16,0,70,主席：報告表決結果：在場委員人數一百八十九人，贊成者一百零八人，反對者八十一人，多數，通過。,Passed,/mnt/e/Software/scripts/R/vote_record/2004_meeting/original/立法院第5屆第6會期第16次會議紀錄.html,"094/01/20,094/01/21"
5,6,16,0,71,主席：報告表決結果：在場委員人數一百九十一人，贊成者一百一十人，反對者八十一人，多數，通過。,Passed,/mnt/e/Software/scripts/R/vote_record/2004_meeting/original/立法院第5屆第6會期第16次會議紀錄.html,"094/01/20,094/01/21"
5,6,16,0,72,主席：報告表決結果：在場委員人數一百八十九人，贊成者七十九人，反對者一百零八人，棄權者二人，少數，不通過。,NotPassed,/mnt/e/Software/scripts/R/vote_record/2004_meeting/original/立法院第5屆第6會期第16次會議紀錄.html,"094/01/20,094/01/21"
5,6,16,0,73,主席：報告表決結果：出席委員人數一百九十二人，贊成者八十一人，反對者一百一十人，棄權者一人，少數，不通過。,NotPassed,/mnt/e/Software/scripts/R/vote_record/2004_meeting/original/立法院第5屆第6會期第16次會議紀錄.html,"094/01/20,094/01/21"
5,6,16,0,74,主席：報告表決結果：在場委員人數一百九十人，贊成者一百一十人，反對者八十人，多數，第四十條照乙案條文通過。,Passed,/mnt/e/Software/scripts/R/vote_record/2004_meeting/original/立法院第5屆第6會期第16次會議紀錄.html,"094/01/20,094/01/21"
6,1,13,0,1,主席：報告表決結果：在場委員211人，贊成者87人，反對者124人，少數，不通過，本案維持原決議。,NotPassed,/mnt/e/Software/scripts/R/vote_record/2004_meeting/original/立法院第6屆第1會期第13次會議紀錄.html,"094/05/20,094/05/24"
6,1,13,0,2,主席：報告表決結果：在場委員210人，贊成者87人，反對者123人，少數，不通過，本案維持原決議。,NotPassed,/mnt/e/Software/scripts/R/vote_record/2004_meeting/original/立法院第6屆第1會期第13次會議紀錄.html,"094/05/20,094/05/24"
6,1,14,0,1,主席：報告表決結果：在場委員201人，贊成者102人，反對者89人，棄權者10人，多數，本案照國民黨黨團提案通過。,Passed,/mnt/e/Software/scripts/R/vote_record/2004_meeting/original/立法院第6屆第1會期第14次會議紀錄.html,"094/05/24,094/05/31"
6,1,14,0,2,主席：報告表決結果：在場委員203人，贊成者103人，反對者100人，多數，本案照國民黨黨團提案通過。,Passed,/mnt/e/Software/scripts/R/vote_record/2004_meeting/original/立法院第6屆第1會期第14次會議紀錄.html,"094/05/24,094/05/31"
6,1,14,0,3,主席：報告表決結果：在場委員203人，贊成者104人，反對者88人，棄權者11人，多數，本案照國民黨黨團提案通過。,Passed,/mnt/e/Software/scripts/R/vote_record/2004_meeting/original/立法院第6屆第1會期第14次會議紀錄.html,"094/05/24,094/05/31"
6,1,14,0,4,主席：報告表決結果：在場委員192人，贊成者21人，反對者156人，棄權者15人，少數，不通過。,NotPassed,/mnt/e/Software/scripts/R/vote_record/2004_meeting/original/立法院第6屆第1會期第14次會議紀錄.html,"094/05/24,094/05/31"
6,1,14,0,5,主席：報告表決結果：在場委員198人，贊成者154人，反對者28人，棄權者16人，多數，本案照台灣團結聯盟立法院黨團、無黨團結聯盟立法院黨團共同提案通過。,Passed,/mnt/e/Software/scripts/R/vote_record/2004_meeting/original/立法院第6屆第1會期第14次會議紀錄.html,"094/05/24,094/05/31"
6,1,14,0,6,主席：報告表決結果：在場委員人數200人，贊成者101人，反對者98人，棄權者1人，多數，本案照陳委員朝龍等11人提案通過。,Passed,/mnt/e/Software/scripts/R/vote_record/2004_meeting/original/立法院第6屆第1會期第14次會議紀錄.html,"094/05/24,094/05/31"
6,1,14,0,7,主席：報告表決結果：在場委員人數200人。贊成者101人，反對者98人，棄權者1人，多數，本案照陳委員朝龍等11人提案通過。,Passed,/mnt/e/Software/scripts/R/vote_record/2004_meeting/original/立法院第6屆第1會期第14次會議紀錄.html,"094/05/24,094/05/31"
6,1,14,0,8,主席：報告表決結果：在場委員204人，贊成者109人，反對者95人，多數，本案照親民黨黨團提案通過。,Passed,/mnt/e/Software/scripts/R/vote_record/2004_meeting/original/立法院第6屆第1會期第14次會議紀錄.html,"094/05/24,094/05/31"
6,1,14,0,9,主席：報告表決結果：在場委員205人，贊成者108人，反對者97人，多數，本案照親民黨黨團提案通過。,Passed,/mnt/e/Software/scripts/R/vote_record/2004_meeting/original/立法院第6屆第1會期第14次會議紀錄.html,"094/05/24,094/05/31"
6,1,14,0,10,主席：報告表決結果：在場委員205人，贊成者14人，反對者188人，棄權者3人，少數，不通過。,NotPassed,/mnt/e/Software/scripts/R/vote_record/2004_meeting/original/立法院第6屆第1會期第14次會議紀錄.html,"094/05/24,094/05/31"
6,1,14,0,11,主席：報告表決結果：在場委員207人，贊成者12人，反對者195人，本案贊成者少數，台灣團結聯盟黨團提案不通過。,NotPassed,/mnt/e/Software/scripts/R/vote_record/2004_meeting/original/立法院第6屆第1會期第14次會議紀錄.html,"094/05/24,094/05/31"
6,1,14,0,12,主席：報告表決結果：在場委員209人，贊成者13人，反對者195人，棄權者1人，本案贊成者少數，台灣團結聯盟黨團提案不通過。,NotPassed,/mnt/e/Software/scripts/R/vote_record/2004_meeting/original/立法院第6屆第1會期第14次會議紀錄.html,"094/05/24,094/05/31"
6,1,14,0,13,主席：報告表決結果：在場委員210人，贊成者110人，反對者88人，棄權者12人，多數，本案通過。,Passed,/mnt/e/Software/scripts/R/vote_record/2004_meeting/original/立法院第6屆第1會期第14次會議紀錄.html,"094/05/24,094/05/31"
6,1,14,0,14,主席：報告表決結果：在場委員210人，贊成者111人，反對者88人，棄權者11人，多數，本案通過。,Passed,/mnt/e/Software/scripts/R/vote_record/2004_meeting/original/立法院第6屆第1會期第14次會議紀錄.html,"094/05/24,094/05/31"
6,2,3,0,1,主席：報告表決結果：在場委員204人，贊成者113人，反對者91人，多數，通過。,Passed,/mnt/e/Software/scripts/R/vote_record/2004_meeting/original/立法院第6屆第2會期第3次會議紀錄.html,"094/09/23,094/09/27"
6,2,3,0,2,主席：報告表決結果：在場委員人數207人，贊成國民黨黨團提議將319事件真相調查條例從法制委員會抽出並列為本次會議討論事項第十六案者112人，反對者95人，多數，通過。本案逕付二讀並列為討論事項第十六案。,Passed,/mnt/e/Software/scripts/R/vote_record/2004_meeting/original/立法院第6屆第2會期第3次會議紀錄.html,"094/09/23,094/09/27"
6,2,3,0,3,主席：報告表決結果：在場委員人數205人，贊成國民黨黨團提議將三一九事件真相調查條例從法制委員會抽出並列為本次會議討論事項第十六案者111人，反對者94人，多數，通過。黃委員義交聲明方才表決係按「贊成」，特此更正，列入紀錄。本案逕付二讀並列為討論事項第十六案。,Passed,/mnt/e/Software/scripts/R/vote_record/2004_meeting/original/立法院第6屆第2會期第3次會議紀錄.html,"094/09/23,094/09/27"
6,2,3,0,4,主席：報告表決結果：在場委員人數207人，贊成國民黨提議將中央選舉委員會組織法草案從委員會抽出逕付二讀並列為本次會議討論事項第十七案者112人，反對者94人，棄權者1人，多數，通過。黃委員偉哲聲明方才表決係按「反對」，特此更正，列入紀錄。,Passed,/mnt/e/Software/scripts/R/vote_record/2004_meeting/original/立法院第6屆第2會期第3次會議紀錄.html,"094/09/23,094/09/27"
6,2,3,0,5,主席：報告重付表決結果：在場委員206人，贊成者113人，反對者93人，棄權者0人，多數，通過。本案逕付二讀，並列為本次會議討論事項第17案。,Passed,/mnt/e/Software/scripts/R/vote_record/2004_meeting/original/立法院第6屆第2會期第3次會議紀錄.html,"094/09/23,094/09/27"
6,2,3,0,6,主席：報告表決結果：在場委員139人，贊成者116人，反對者10人，棄權者13人，多數，通過。本案逕付二讀，並列為本次會議討論事項第十八案。,Passed,/mnt/e/Software/scripts/R/vote_record/2004_meeting/original/立法院第6屆第2會期第3次會議紀錄.html,"094/09/23,094/09/27"
6,2,3,0,7,主席：報告重付表決結果：在場委員129人，贊成者112人，反對者11人，棄權者6人，多數，通過。本案逕付二讀，並列為本次會議討論事項第十八案。,Passed,/mnt/e/Software/scripts/R/vote_record/2004_meeting/original/立法院第6屆第2會期第3次會議紀錄.html,"094/09/23,094/09/27"
6,2,3,0,8,主席：報告表決結果：在場委員117人，贊成者107人，反對者10人，棄權者0人，多數，通過。,Passed,/mnt/e/Software/scripts/R/vote_record/2004_meeting/original/立法院第6屆第2會期第3次會議紀錄.html,"094/09/23,094/09/27"
6,2,3,0,9,主席：報告重付表決結果：在場委員117人，贊成者106人，反對者11人，棄權者0人，多數，通過。本案逕付二讀，並由無黨團結聯盟黨團負責召集協商。,Passed,/mnt/e/Software/scripts/R/vote_record/2004_meeting/original/立法院第6屆第2會期第3次會議紀錄.html,"094/09/23,094/09/27"
6,2,3,0,10,主席：報告表決結果：在場委員114人，贊成者98人，反對者11人，棄權者5人，多數，通過。,Passed,/mnt/e/Software/scripts/R/vote_record/2004_meeting/original/立法院第6屆第2會期第3次會議紀錄.html,"094/09/23,094/09/27"
6,2,3,0,11,主席：報告表決結果：在場委員121人，贊成者109人，反對者11人，棄權者1人，多數，通過。本案逕付二讀，並由無黨團結聯盟黨團負責召集協商。,Passed,/mnt/e/Software/scripts/R/vote_record/2004_meeting/original/立法院第6屆第2會期第3次會議紀錄.html,"094/09/23,094/09/27"
6,2,5,0,1,主席：報告表決結果：在場委員88人，贊成者79人，反對者7人，棄權者2人，多數通過，本案停止廣泛討論。,Passed,/mnt/e/Software/scripts/R/vote_record/2004_meeting/original/立法院第6屆第2會期第5次會議紀錄.html,"094/10/07,094/10/11"
6,2,5,0,2,主席：報告表決結果：在場委員112人，贊成者112人，反對者0人，多數，通過，現在停止討論。,Passed,/mnt/e/Software/scripts/R/vote_record/2004_meeting/original/立法院第6屆第2會期第5次會議紀錄.html,"094/10/07,094/10/11"
6,2,5,0,3,主席：報告表決結果：在場委員113人，贊成者111人，反對者2人，多數，通過。,Passed,/mnt/e/Software/scripts/R/vote_record/2004_meeting/original/立法院第6屆第2會期第5次會議紀錄.html,"094/10/07,094/10/11"
6,2,7,0,1,主席：報告表決結果：在場委員211人，贊成者98人，反對者113人，少數，不通過。,NotPassed,/mnt/e/Software/scripts/R/vote_record/2004_meeting/original/立法院第6屆第2會期第7次會議紀錄.html,094/10/21
6,2,7,0,2,主席：報告表決結果：在場委員211人，贊成者98人，反對者113人，少數，不通過。,NotPassed,/mnt/e/Software/scripts/R/vote_record/2004_meeting/original/立法院第6屆第2會期第7次會議紀錄.html,094/10/21
6,2,7,0,3,主席：報告表決結果：在場委員210人，贊成者112人，反對者98人，多數，本案照國民黨黨團所提丙案通過。,Passed,/mnt/e/Software/scripts/R/vote_record/2004_meeting/original/立法院第6屆第2會期第7次會議紀錄.html,094/10/21
6,2,9,0,1,主席：報告表決結果：在場委員201人，贊成者115人，反對者86人，棄權者0人，多數，通過。,Passed,/mnt/e/Software/scripts/R/vote_record/2004_meeting/original/立法院第6屆第2會期第9次會議紀錄.html,"094/11/04,094/11/08"
6,2,9,0,2,主席：報告表決結果：在場委員人數204人，贊成者106人，反對者96人，棄權者2人，多數，通過。,Passed,/mnt/e/Software/scripts/R/vote_record/2004_meeting/original/立法院第6屆第2會期第9次會議紀錄.html,"094/11/04,094/11/08"
6,2,9,0,3,主席：報告表決結果：在場委員人數202人，贊成者94人，反對者106人，棄權者2人，少數，不通過。,NotPassed,/mnt/e/Software/scripts/R/vote_record/2004_meeting/original/立法院第6屆第2會期第9次會議紀錄.html,"094/11/04,094/11/08"
6,2,9,0,4,主席：報告表決結果：在場委員人數199人，贊成者99人，反對者100人，棄權者0人，少數，不通過。,NotPassed,/mnt/e/Software/scripts/R/vote_record/2004_meeting/original/立法院第6屆第2會期第9次會議紀錄.html,"094/11/04,094/11/08"
6,2,9,0,5,主席：報告表決結果：在場委員205人，贊成者98人，反對者106人，棄權者1人，少數，不通過。,NotPassed,/mnt/e/Software/scripts/R/vote_record/2004_meeting/original/立法院第6屆第2會期第9次會議紀錄.html,"094/11/04,094/11/08"
6,2,9,0,6,主席：報告表決結果：在場委員人數202人，贊成者96人，反對者106人，棄權者0人，少數，不通過。,NotPassed,/mnt/e/Software/scripts/R/vote_record/2004_meeting/original/立法院第6屆第2會期第9次會議紀錄.html,"094/11/04,094/11/08"
6,2,9,0,7,主席：報告表決結果：在場委員人數203人，贊成者96人，反對者106人，棄權者1人，少數，不通過。,NotPassed,/mnt/e/Software/scripts/R/vote_record/2004_meeting/original/立法院第6屆第2會期第9次會議紀錄.html,"094/11/04,094/11/08"
6,2,9,0,8,主席：報告表決結果，在場委員205人，贊成者98人，反對者107人，少數，不通過。,NotPassed,/mnt/e/Software/scripts/R/vote_record/2004_meeting/original/立法院第6屆第2會期第9次會議紀錄.html,"094/11/04,094/11/08"
6,2,9,0,9,主席：報告表決結果：在場委員202人，贊成者84人，反對者106人，棄權者12人，少數，不通過。,NotPassed,/mnt/e/Software/scripts/R/vote_record/2004_meeting/original/立法院第6屆第2會期第9次會議紀錄.html,"094/11/04,094/11/08"
6,2,9,0,10,主席：報告表決結果：在場委員204人，贊成者98人，反對者106人，棄權者0人，少數，不通過。,NotPassed,/mnt/e/Software/scripts/R/vote_record/2004_meeting/original/立法院第6屆第2會期第9次會議紀錄.html,"094/11/04,094/11/08"
6,2,9,0,11,主席：報告表決結果：在場委員人數203人，贊成照台聯黨團所提復議案通過者97人，反對者106人，棄權者0人，少數，不通過。,NotPassed,/mnt/e/Software/scripts/R/vote_record/2004_meeting/original/立法院第6屆第2會期第9次會議紀錄.html,"094/11/04,094/11/08"
6,2,9,0,12,主席：報告表決結果：在場委員人數205人，贊成照民進黨黨團所提復議案通過者99人，反對者106人，棄權者0人，少數，不通過。,NotPassed,/mnt/e/Software/scripts/R/vote_record/2004_meeting/original/立法院第6屆第2會期第9次會議紀錄.html,"094/11/04,094/11/08"
6,2,9,0,13,主席：報告表決結果：在場委員人數204人，贊成照民進黨黨團所提復議案通過者86人，反對者117人，棄權者1人，少數，不通過。,NotPassed,/mnt/e/Software/scripts/R/vote_record/2004_meeting/original/立法院第6屆第2會期第9次會議紀錄.html,"094/11/04,094/11/08"
6,2,9,0,14,主席：報告表決結果：在場委員人數204人，贊成照台聯黨團所提復議案通過者87人，反對者108人，棄權者9人，少數，不通過。,NotPassed,/mnt/e/Software/scripts/R/vote_record/2004_meeting/original/立法院第6屆第2會期第9次會議紀錄.html,"094/11/04,094/11/08"
6,2,9,0,15,主席：報告表決結果：在場委員205人，贊成者97人，反對者108人，棄權者0人，少數，不通過。,NotPassed,/mnt/e/Software/scripts/R/vote_record/2004_meeting/original/立法院第6屆第2會期第9次會議紀錄.html,"094/11/04,094/11/08"
6,2,9,0,16,主席：報告表決結果：在場委員202人，贊成者85人，反對者105人，棄權者12人，少數，不通過。,NotPassed,/mnt/e/Software/scripts/R/vote_record/2004_meeting/original/立法院第6屆第2會期第9次會議紀錄.html,"094/11/04,094/11/08"
6,2,16,0,1,主席：報告表決結果：在場委員213人，贊成者113人，反對者100人，棄權者0人，贊成者多數，通過。,Passed,/mnt/e/Software/scripts/R/vote_record/2004_meeting/original/立法院第6屆第2會期第16次會議紀錄.html,094/12/23
6,2,16,0,2,主席：報告重付表決結果：在場委員213人，贊成者113人，反對者100人，棄權者0人，贊成者多數，通過。,Passed,/mnt/e/Software/scripts/R/vote_record/2004_meeting/original/立法院第6屆第2會期第16次會議紀錄.html,094/12/23
6,2,19,0,1,主席：報告表決結果：在場委員214人，贊成者114人，反對者100人，棄權者0人，多數，通過。,Passed,/mnt/e/Software/scripts/R/vote_record/2004_meeting/original/立法院第6屆第2會期第19次會議紀錄.html,095/01/11
6,2,19,0,2,主席：報告表決結果：在場委員214人，贊成者114人，反對者100人，棄權者0人，多數，通過。,Passed,/mnt/e/Software/scripts/R/vote_record/2004_meeting/original/立法院第6屆第2會期第19次會議紀錄.html,095/01/11
6,2,19,0,3,主席：報告表決結果：在場委員212人，贊成者111人，反對者100人，棄權者1人，多數，通過。,Passed,/mnt/e/Software/scripts/R/vote_record/2004_meeting/original/立法院第6屆第2會期第19次會議紀錄.html,095/01/11
6,2,19,0,4,主席：報告表決結果：在場委員214人，贊成者114人，反對者100人，棄權者0人，多數，通過。,Passed,/mnt/e/Software/scripts/R/vote_record/2004_meeting/original/立法院第6屆第2會期第19次會議紀錄.html,095/01/11
6,2,19,0,5,主席：報告表決結果：在場委員210人，贊成者111人，反對者99人，棄權者0人，多數，通過。,Passed,/mnt/e/Software/scripts/R/vote_record/2004_meeting/original/立法院第6屆第2會期第19次會議紀錄.html,095/01/11
6,2,19,0,6,主席：報告表決結果：在場委員210人，贊成者110人，反對者99人，棄權者1人，多數，通過。,Passed,/mnt/e/Software/scripts/R/vote_record/2004_meeting/original/立法院第6屆第2會期第19次會議紀錄.html,095/01/11
6,2,19,0,7,主席：報告表決結果：在場委員214人，贊成者113人，反對者101人，棄權者0人，多數，通過。,Passed,/mnt/e/Software/scripts/R/vote_record/2004_meeting/original/立法院第6屆第2會期第19次會議紀錄.html,095/01/11
6,2,19,0,8,主席：報告表決結果：在場委員213人，贊成者112人，反對者100人，棄權者1人，多數，通過。,Passed,/mnt/e/Software/scripts/R/vote_record/2004_meeting/original/立法院第6屆第2會期第19次會議紀錄.html,095/01/11
6,2,19,0,9,主席：報告表決結果：在場委員202人，贊成者96人，反對者102人，棄權者4人，少數，不通過。,NotPassed,/mnt/e/Software/scripts/R/vote_record/2004_meeting/original/立法院第6屆第2會期第19次會議紀錄.html,095/01/11
6,2,19,0,10,主席：報告表決結果：在場委員206人，贊成者111人，反對者91人，棄權者4人，多數，通過。,Passed,/mnt/e/Software/scripts/R/vote_record/2004_meeting/original/立法院第6屆第2會期第19次會議紀錄.html,095/01/11
6,2,19,0,11,主席：報告表決結果：在場委員214人，贊成者113人，反對者100人，棄權者1人，多數，通過。,Passed,/mnt/e/Software/scripts/R/vote_record/2004_meeting/original/立法院第6屆第2會期第19次會議紀錄.html,095/01/11
6,2,19,0,12,主席：報告表決結果：在場委員214人，贊成者114人，反對者100人，棄權者0人，多數，通過。,Passed,/mnt/e/Software/scripts/R/vote_record/2004_meeting/original/立法院第6屆第2會期第19次會議紀錄.html,095/01/11
6,2,19,0,13,主席：報告表決結果：在場委員211人，贊成者126人，反對者85人，棄權者0人，多數，通過。,Passed,/mnt/e/Software/scripts/R/vote_record/2004_meeting/original/立法院第6屆第2會期第19次會議紀錄.html,095/01/11
6,2,19,0,14,主席：報告表決結果：在場委員214人，贊成者126人，反對者88人，棄權者0人，多數，通過。,Passed,/mnt/e/Software/scripts/R/vote_record/2004_meeting/original/立法院第6屆第2會期第19次會議紀錄.html,095/01/11
6,2,19,0,15,主席：報告表決結果：在場委員212人，贊成者82人，反對者126人，棄權者4人，少數，不通過。,NotPassed,/mnt/e/Software/scripts/R/vote_record/2004_meeting/original/立法院第6屆第2會期第19次會議紀錄.html,095/01/11
6,2,19,0,16,主席：報告表決結果：在場委員210人，贊成者81人，反對者124人，棄權者5人，少數，不通過。,NotPassed,/mnt/e/Software/scripts/R/vote_record/2004_meeting/original/立法院第6屆第2會期第19次會議紀錄.html,095/01/11
6,2,19,0,17,主席：報告表決結果：在場委員214人，贊成者110人，反對者103人，棄權者1人，多數，通過。,Passed,/mnt/e/Software/scripts/R/vote_record/2004_meeting/original/立法院第6屆第2會期第19次會議紀錄.html,095/01/11
6,2,19,0,18,主席：報告表決結果：在場委員209人，贊成者111人，反對者98人，棄權者0人，多數，通過。,Passed,/mnt/e/Software/scripts/R/vote_record/2004_meeting/original/立法院第6屆第2會期第19次會議紀錄.html,095/01/11
6,2,19,0,19,主席：報告表決結果：在場委員213人，贊成者90人，反對者121人，棄權者2人，少數，不通過。,NotPassed,/mnt/e/Software/scripts/R/vote_record/2004_meeting/original/立法院第6屆第2會期第19次會議紀錄.html,095/01/11
6,2,19,0,20,主席：報告表決結果：在場委員213人，贊成者88人，反對者122人，棄權者3人，少數，不通過。,NotPassed,/mnt/e/Software/scripts/R/vote_record/2004_meeting/original/立法院第6屆第2會期第19次會議紀錄.html,095/01/11
6,2,19,0,21,主席：報告表決結果：在場委員214人，贊成者114人，反對者100人，棄權者0人，多數，通過。,Passed,/mnt/e/Software/scripts/R/vote_record/2004_meeting/original/立法院第6屆第2會期第19次會議紀錄.html,095/01/11
6,2,19,0,22,主席：報告表決結果：在場委員214人，贊成者114人，反對者100人，棄權者0人，多數，通過。,Passed,/mnt/e/Software/scripts/R/vote_record/2004_meeting/original/立法院第6屆第2會期第19次會議紀錄.html,095/01/11
6,2,19,0,23,主席：報告表決結果：在場委員214人，贊成者114人，反對者100人，棄權者0人，多數，通過。,Passed,/mnt/e/Software/scripts/R/vote_record/2004_meeting/original/立法院第6屆第2會期第19次會議紀錄.html,095/01/11
6,2,19,0,24,主席：報告表決結果：在場214人，贊成者114人，反對者100人，棄權者0人，多數，通過。,Passed,/mnt/e/Software/scripts/R/vote_record/2004_meeting/original/立法院第6屆第2會期第19次會議紀錄.html,095/01/11
6,2,19,0,25,主席：報告表決結果：在場委員213人，贊成者107人，反對者106人，棄權者○人，多數通過。,Passed,/mnt/e/Software/scripts/R/vote_record/2004_meeting/original/立法院第6屆第2會期第19次會議紀錄.html,095/01/11
6,2,19,0,26,主席：報告表決結果：在場委員208人，贊成者107人，反對者101人，棄權者0人，多數，通過。,Passed,/mnt/e/Software/scripts/R/vote_record/2004_meeting/original/立法院第6屆第2會期第19次會議紀錄.html,095/01/11
6,2,19,0,27,主席：報告表決結果：在場委員204人，贊成者57人，反對者128人，棄權者19人，少數，不通過。,NotPassed,/mnt/e/Software/scripts/R/vote_record/2004_meeting/original/立法院第6屆第2會期第19次會議紀錄.html,095/01/11
6,2,19,0,28,主席：報告表決結果：在場委員208人，贊成者62人，反對者135人，棄權者11人，少數，不通過。,NotPassed,/mnt/e/Software/scripts/R/vote_record/2004_meeting/original/立法院第6屆第2會期第19次會議紀錄.html,095/01/11
6,2,19,0,29,主席：報告表決結果：在場委員199人，贊成者68人，反對者120人，棄權者11人，少數，不通過。,NotPassed,/mnt/e/Software/scripts/R/vote_record/2004_meeting/original/立法院第6屆第2會期第19次會議紀錄.html,095/01/11
6,2,19,0,30,主席：報告表決結果：在場委員204人，贊成者73人，反對者125人，棄權者6人，少數，不通過。,NotPassed,/mnt/e/Software/scripts/R/vote_record/2004_meeting/original/立法院第6屆第2會期第19次會議紀錄.html,095/01/11
6,2,19,0,31,主席：報告表決結果：在場委員207人，贊成者102人，反對者101人，棄權者4人。,Passed,/mnt/e/Software/scripts/R/vote_record/2004_meeting/original/立法院第6屆第2會期第19次會議紀錄.html,095/01/11
6,2,19,0,32,主席：報告表決結果：在場委員210人，贊成者107人，反對者102人，棄權者1人，多數，通過。,Passed,/mnt/e/Software/scripts/R/vote_record/2004_meeting/original/立法院第6屆第2會期第19次會議紀錄.html,095/01/11
6,2,19,0,33,主席：報告表決結果：在場委員209人，贊成者106人，反對者102人，棄權者1人，多數，通過。,Passed,/mnt/e/Software/scripts/R/vote_record/2004_meeting/original/立法院第6屆第2會期第19次會議紀錄.html,095/01/11
6,2,19,0,34,主席：報告表決結果：在場委員212人，贊成者125人，反對者87人，棄權者0人，多數，通過。,Passed,/mnt/e/Software/scripts/R/vote_record/2004_meeting/original/立法院第6屆第2會期第19次會議紀錄.html,095/01/11
6,2,19,0,35,主席：報告表決結果：在場委員214人，贊成者100人，反對者114人，棄權者0人，少數，不通過。,NotPassed,/mnt/e/Software/scripts/R/vote_record/2004_meeting/original/立法院第6屆第2會期第19次會議紀錄.html,095/01/11
6,2,19,0,36,主席：報告表決結果：在場委員214人，贊成者112人，反對者101人，棄權者1人，多數，通過。,Passed,/mnt/e/Software/scripts/R/vote_record/2004_meeting/original/立法院第6屆第2會期第19次會議紀錄.html,095/01/11
6,2,19,0,37,主席：報告表決結果：在場委員214人，贊成者114人，反對者100人，棄權者0人，多數，通過。,Passed,/mnt/e/Software/scripts/R/vote_record/2004_meeting/original/立法院第6屆第2會期第19次會議紀錄.html,095/01/11
6,2,19,0,38,主席：報告表決結果：在場委員214人，贊成者114人，反對者100人，棄權者0人，多數，通過。,Passed,/mnt/e/Software/scripts/R/vote_record/2004_meeting/original/立法院第6屆第2會期第19次會議紀錄.html,095/01/11
6,2,19,0,39,主席：報告表決結果：在場委員214人，贊成者108人，反對者106人，棄權者0人，多數，通過。,Passed,/mnt/e/Software/scripts/R/vote_record/2004_meeting/original/立法院第6屆第2會期第19次會議紀錄.html,095/01/11
6,2,19,0,40,主席：報告表決結果：在場委員208人，贊成者108人，反對者100人，棄權者0人，多數，通過。,Passed,/mnt/e/Software/scripts/R/vote_record/2004_meeting/original/立法院第6屆第2會期第19次會議紀錄.html,095/01/11
6,2,19,0,41,主席：報告表決結果：在場委員211人，贊成者123人，反對者87人，棄權者1人，多數，通過。,Passed,/mnt/e/Software/scripts/R/vote_record/2004_meeting/original/立法院第6屆第2會期第19次會議紀錄.html,095/01/11
6,3,8,0,1,主席：報告表決結果：在場委員101人，贊成者100人，反對者1人，多數，通過。,NotPassed,/mnt/e/Software/scripts/R/vote_record/2004_meeting/original/立法院第6屆第3會期第8次會議紀錄.html,095/04/07
6,3,8,0,2,主席：報告表決結果：在場委員101人，贊成者1人，反對者100人，少數，民進黨黨團所提修正動議條文不通過。,NotPassed,/mnt/e/Software/scripts/R/vote_record/2004_meeting/original/立法院第6屆第3會期第8次會議紀錄.html,095/04/07
6,3,8,0,3,主席：報告表決結果：在場委員103人，贊成者1人，反對者102人，少數，民進黨黨團所提修正動議條文不通過。,Passed,/mnt/e/Software/scripts/R/vote_record/2004_meeting/original/立法院第6屆第3會期第8次會議紀錄.html,095/04/07
6,3,8,0,4,主席：報告表決結果：在場委員103人，贊成者102人，反對者1人，多數，本條照國民黨黨團、親民黨黨團所提修正動議條文通過。,Passed,/mnt/e/Software/scripts/R/vote_record/2004_meeting/original/立法院第6屆第3會期第8次會議紀錄.html,095/04/07
6,3,8,0,5,主席：報告表決結果：在場委員102人，贊成者102人，反對者0人，多數，本條照國民黨黨團、親民黨黨團所提修正動議條文通過。,Passed,/mnt/e/Software/scripts/R/vote_record/2004_meeting/original/立法院第6屆第3會期第8次會議紀錄.html,095/04/07
6,3,8,0,6,主席：報告表決結果：在場委員人數102人，贊成者102人，反對者0人，多數，本條照國民黨黨團、親民黨黨團所提修正動議條文通過。,NotPassed,/mnt/e/Software/scripts/R/vote_record/2004_meeting/original/立法院第6屆第3會期第8次會議紀錄.html,095/04/07
6,3,8,0,7,主席：報告表決結果：在場委員104人，贊成者1人，反對者103人，少數，民進黨黨團所提修正動議條文不通過。,Passed,/mnt/e/Software/scripts/R/vote_record/2004_meeting/original/立法院第6屆第3會期第8次會議紀錄.html,095/04/07
6,3,8,0,8,主席：報告表決結果：在場委員104人，贊成者104人，反對者0人，多數，本條照國民黨黨團、親民黨黨團提案條文通過。,NotPassed,/mnt/e/Software/scripts/R/vote_record/2004_meeting/original/立法院第6屆第3會期第8次會議紀錄.html,095/04/07
6,3,8,0,9,主席：報告表決結果：在場委員105人，贊成者1人，反對者104人，少數，民進黨黨團所提修正動議條文不通過。,Passed,/mnt/e/Software/scripts/R/vote_record/2004_meeting/original/立法院第6屆第3會期第8次會議紀錄.html,095/04/07
6,3,8,0,10,主席：報告表決結果：在場委員104人，贊成者104人，多數，本條照國民黨黨團、親民黨黨團所提修正動議條文通過。,NotPassed,/mnt/e/Software/scripts/R/vote_record/2004_meeting/original/立法院第6屆第3會期第8次會議紀錄.html,095/04/07
6,3,8,0,11,主席：報告表決結果：在場委員104人，贊成者1人，反對者103人，少數，民進黨黨團所提修正動議條文不通過。,Passed,/mnt/e/Software/scripts/R/vote_record/2004_meeting/original/立法院第6屆第3會期第8次會議紀錄.html,095/04/07
6,3,8,0,12,主席：報告表決結果：在場委員103人，贊成者103人，反對者0人，多數，本條照國民黨黨團、親民黨黨團提案條文通過。,NotPassed,/mnt/e/Software/scripts/R/vote_record/2004_meeting/original/立法院第6屆第3會期第8次會議紀錄.html,095/04/07
6,3,8,0,13,主席：報告表決結果：在場委員104人，贊成者1人，反對者103人，少數，民進黨黨團所提修正動議條文不通過。,Passed,/mnt/e/Software/scripts/R/vote_record/2004_meeting/original/立法院第6屆第3會期第8次會議紀錄.html,095/04/07
6,3,8,0,14,主席：報告表決結果：在場委員103人，贊成者103人，反對者0人，多數，本條照國民黨黨團、親民黨黨團提案條文通過。,NotPassed,/mnt/e/Software/scripts/R/vote_record/2004_meeting/original/立法院第6屆第3會期第8次會議紀錄.html,095/04/07
6,3,8,0,15,主席：報告表決結果：在場委員105人，贊成者1人，反對者104人，少數，民進黨黨團所提修正動議條文不通過。,Passed,/mnt/e/Software/scripts/R/vote_record/2004_meeting/original/立法院第6屆第3會期第8次會議紀錄.html,095/04/07
6,3,8,0,16,主席：報告表決結果：在場委員100人，贊成者100人，反對者0人，多數，本條照國民黨黨團、親民黨黨團提案條文通過。,NotPassed,/mnt/e/Software/scripts/R/vote_record/2004_meeting/original/立法院第6屆第3會期第8次會議紀錄.html,095/04/07
6,3,8,0,17,主席：報告表決結果：在場委員103人，贊成者1人，反對者102人，少數，民進黨黨團所提修正動議條文不通過。,Passed,/mnt/e/Software/scripts/R/vote_record/2004_meeting/original/立法院第6屆第3會期第8次會議紀錄.html,095/04/07
6,3,8,0,18,主席：報告表決結果：在場委員101人，贊成者101人，反對者0人，多數，本條照國民黨黨團、親民黨黨團提案條文通過。,NotPassed,/mnt/e/Software/scripts/R/vote_record/2004_meeting/original/立法院第6屆第3會期第8次會議紀錄.html,095/04/07
6,3,8,0,19,主席：報告表決結果：在場委員105人，贊成者1人，反對者104人，少數，民進黨黨團所提修正動議條文不通過。,Passed,/mnt/e/Software/scripts/R/vote_record/2004_meeting/original/立法院第6屆第3會期第8次會議紀錄.html,095/04/07
6,3,8,0,20,主席：報告表決結果：在場委員103人，贊成者103人，反對者0人，多數，本條照國民黨黨團、親民黨黨團所提修正動議條文通過。,NotPassed,/mnt/e/Software/scripts/R/vote_record/2004_meeting/original/立法院第6屆第3會期第8次會議紀錄.html,095/04/07
6,3,8,0,21,主席：報告表決結果：在場委員105人，贊成者1人，反對者104人，少數，民進黨黨團所提修正動議條文不通過。,Passed,/mnt/e/Software/scripts/R/vote_record/2004_meeting/original/立法院第6屆第3會期第8次會議紀錄.html,095/04/07
6,3,8,0,22,主席：報告表決結果：在場委員104人，贊成者104人，反對者0人，多數，本條照國民黨黨團、親民黨黨團所提修正動議條文通過。,NotPassed,/mnt/e/Software/scripts/R/vote_record/2004_meeting/original/立法院第6屆第3會期第8次會議紀錄.html,095/04/07
6,3,8,0,23,主席：報告表決結果：在場委員104人，贊成者1人，反對者103人，少數，民進黨黨團所提修正動議條文不通過。,Passed,/mnt/e/Software/scripts/R/vote_record/2004_meeting/original/立法院第6屆第3會期第8次會議紀錄.html,095/04/07
6,3,8,0,24,主席：報告表決結果：在場委員99人，贊成者99人，反對者0人，多數，本條照國民黨黨團、親民黨黨團提案條文通過。,NotPassed,/mnt/e/Software/scripts/R/vote_record/2004_meeting/original/立法院第6屆第3會期第8次會議紀錄.html,095/04/07
6,3,8,0,25,主席：報告表決結果：在場委員105人，贊成者1人，反對者104人，少數，民進黨黨團所提修正動議條文不通過。,Passed,/mnt/e/Software/scripts/R/vote_record/2004_meeting/original/立法院第6屆第3會期第8次會議紀錄.html,095/04/07
6,3,8,0,26,主席：報告表決結果：在場委員101人，贊成者101人，反對者0人，多數，本條照國民黨黨團、親民黨黨團所提修正動議條文通過。,NotPassed,/mnt/e/Software/scripts/R/vote_record/2004_meeting/original/立法院第6屆第3會期第8次會議紀錄.html,095/04/07
6,3,8,0,27,主席：報告表決結果：出席委員103人，贊成1人，反對102人，棄權0人，少數，民進黨黨團所提修正動議條文不通過。,Passed,/mnt/e/Software/scripts/R/vote_record/2004_meeting/original/立法院第6屆第3會期第8次會議紀錄.html,095/04/07
6,3,10,0,1,主席：報告表決結果：在場委員77人，贊成者77人，反對者0人，多數，通過。,Passed,/mnt/e/Software/scripts/R/vote_record/2004_meeting/original/立法院第6屆第3會期第10次會議紀錄.html,"095/04/21,095/04/25"
6,3,10,0,2,主席：報告表決結果：在場委員78人，贊成者78人，反對者0人，多數，通過。,Passed,/mnt/e/Software/scripts/R/vote_record/2004_meeting/original/立法院第6屆第3會期第10次會議紀錄.html,"095/04/21,095/04/25"
6,3,10,0,3,主席：報告表決結果：在場委員79人，贊成者79人，反對者0人，多數，通過。,Passed,/mnt/e/Software/scripts/R/vote_record/2004_meeting/original/立法院第6屆第3會期第10次會議紀錄.html,"095/04/21,095/04/25"
6,3,10,0,4,主席：報告表決結果：在場委員80人，贊成者78人，反對者2人，多數，通過。,Passed,/mnt/e/Software/scripts/R/vote_record/2004_meeting/original/立法院第6屆第3會期第10次會議紀錄.html,"095/04/21,095/04/25"
6,3,10,0,5,主席：報告表決結果：在場委員82人，贊成者79人，反對者3人，多數，通過。本案作如下決議：「本案列為討論事項第三案。」,Passed,/mnt/e/Software/scripts/R/vote_record/2004_meeting/original/立法院第6屆第3會期第10次會議紀錄.html,"095/04/21,095/04/25"
6,3,10,0,6,主席：報告表決結果：在場委員82人，贊成者79人，反對者3人，多數，通過。本案作如下決議：「本案列為討論事項第四案。」,Passed,/mnt/e/Software/scripts/R/vote_record/2004_meeting/original/立法院第6屆第3會期第10次會議紀錄.html,"095/04/21,095/04/25"
6,3,10,0,7,主席：報告表決結果：出席委員81人，贊成者0人，反對者81人，少數，復議案不通過。,NotPassed,/mnt/e/Software/scripts/R/vote_record/2004_meeting/original/立法院第6屆第3會期第10次會議紀錄.html,"095/04/21,095/04/25"
6,3,10,0,8,主席：報告表決結果：出席委員84人，贊成者0人，反對者84人，少數，復議案不通過。,NotPassed,/mnt/e/Software/scripts/R/vote_record/2004_meeting/original/立法院第6屆第3會期第10次會議紀錄.html,"095/04/21,095/04/25"
6,3,10,0,9,主席：報告表決結果：出席委員85人，贊成者0人，反對者85人，少數，復議案不通過。,NotPassed,/mnt/e/Software/scripts/R/vote_record/2004_meeting/original/立法院第6屆第3會期第10次會議紀錄.html,"095/04/21,095/04/25"
6,3,10,0,10,主席：報告表決結果：出席85人，贊成0人，反對85人，棄權0人。本案贊成者少數，復議案不通過。,NotPassed,/mnt/e/Software/scripts/R/vote_record/2004_meeting/original/立法院第6屆第3會期第10次會議紀錄.html,"095/04/21,095/04/25"
